Gene ID,Symbol,Name
4099,MAG,myelin associated glycoprotein
57348,TTYH1,tweety family member 1
18,ABAT,4-aminobutyrate aminotransferase
8214,DGCR6,DiGeorge syndrome critical region gene 6
25,ABL1,"ABL proto-oncogene 1, non-receptor tyrosine kinase"
27,ABL2,"ABL proto-oncogene 2, non-receptor tyrosine kinase"
43,ACHE,acetylcholinesterase (Cartwright blood group)
4155,MBP,myelin basic protein
60,ACTB,actin beta
168002,DACT2,dishevelled binding antagonist of beta catenin 2
4162,MCAM,melanoma cell adhesion molecule
71,ACTG1,actin gamma 1
81,ACTN4,actinin alpha 4
4179,CD46,CD46 molecule
87,ACTN1,actinin alpha 1
88,ACTN2,actinin alpha 2
89,ACTN3,actinin alpha 3
90,ACVR1,activin A receptor type 1
94,ACVRL1,activin A receptor like type 1
4192,MDK,midkine
8291,DYSF,dysferlin
53347,UBASH3A,ubiquitin associated and SH3 domain containing A
100,ADA,adenosine deaminase
101,ADAM8,ADAM metallopeptidase domain 8
102,ADAM10,ADAM metallopeptidase domain 10
57451,TENM2,teneurin transmembrane protein 2
57453,DSCAML1,DS cell adhesion molecule like 1
114798,SLITRK1,SLIT and NTRK like family member 1
119,ADD2,adducin 2
57463,AMIGO1,adhesion molecule with Ig like domain 1
4221,MEN1,menin 1
8322,FZD4,frizzled class receptor 4
8324,FZD7,frizzled class receptor 7
132,ADK,adenosine kinase
729230,CCR2,C-C motif chemokine receptor 2
135,ADORA2A,adenosine A2a receptor
4239,MFAP4,microfibril associated protein 4
4240,MFGE8,milk fat globule EGF and factor V/VIII domain containing
4241,MELTF,melanotransferrin
154,ADRB2,adrenoceptor beta 2
4254,KITLG,KIT ligand
57502,NLGN4X,neuroligin 4 X-linked
57507,ZNF608,zinc finger protein 608
4267,CD99,CD99 molecule (Xg blood group)
176,ACAN,aggrecan
177,AGER,advanced glycosylation end-product specific receptor
8372,HYAL3,hyaluronidase 3
182,JAG1,jagged canonical Notch ligand 1
57526,PCDH19,protocadherin 19
183,AGT,angiotensinogen
8379,MAD1L1,mitotic arrest deficient 1 like 1
4284,MIP,major intrinsic protein of lens fiber
340152,ZC3H12D,zinc finger CCCH-type containing 12D
4287,ATXN3,ataxin 3
4289,MKLN1,muskelin 1
199,AIF1,allograft inflammatory factor 1
8394,PIP5K1A,phosphatidylinositol-4-phosphate 5-kinase type 1 alpha
4301,AFDN,"afadin, adherens junction formation factor"
57549,IGSF9,immunoglobulin superfamily member 9
207,AKT1,AKT serine/threonine kinase 1
114897,C1QTNF1,C1q and TNF related 1
57554,LRRC7,leucine rich repeat containing 7
57555,NLGN2,neuroligin 2
8404,SPARCL1,SPARC like 1
57556,SEMA6A,semaphorin 6A
214,ALCAM,activated leukocyte cell adhesion molecule
8406,SRPX,sushi repeat containing protein X-linked
4313,MMP2,matrix metallopeptidase 2
8416,ANXA9,annexin A9
4321,MMP12,matrix metallopeptidase 12
4323,MMP14,matrix metallopeptidase 14
57575,PCDH10,protocadherin 10
57580,PREX1,"phosphatidylinositol-3,4,5-trisphosphate dependent Rac exchange factor 1"
100033819,MIR675,microRNA 675
239,ALOX12,"arachidonate 12-lipoxygenase, 12S type"
240,ALOX5,arachidonate 5-lipoxygenase
4340,MOG,myelin oligodendrocyte glycoprotein
246,ALOX15,arachidonate 15-lipoxygenase
8440,NCK2,NCK adaptor protein 2
4345,CD200,CD200 molecule
4352,MPL,"MPL proto-oncogene, thrombopoietin receptor"
258,AMBN,ameloblastin
259,AMBP,alpha-1-microglobulin/bikunin precursor
4359,MPZ,myelin protein zero
8455,ATRN,attractin
57608,JCAD,junctional cadherin 5 associated
265,AMELX,amelogenin X-linked
284,ANGPT1,angiopoietin 1
285,ANGPT2,angiopoietin 2
288,ANK3,ankyrin 3
301,ANXA1,annexin A1
302,ANXA2,annexin A2
340267,COL28A1,collagen type XXVIII alpha 1 chain
8496,PPFIBP1,PPFIA binding protein 1
8499,PPFIA2,PTPRF interacting protein alpha 2
8500,PPFIA1,PTPRF interacting protein alpha 1
8502,PKP4,plakophilin 4
28984,RGCC,regulator of cell cycle
8506,CNTNAP1,contactin associated protein 1
57662,CAMSAP3,calmodulin regulated spectrin associated protein family member 3
320,APBA1,amyloid beta precursor protein binding family A member 1
8515,ITGA10,integrin subunit alpha 10
324,APC,APC regulator of WNT signaling pathway
8516,ITGA8,integrin subunit alpha 8
57669,EPB41L5,erythrocyte membrane protein band 4.1 like 5
333,APLP1,amyloid beta precursor like protein 1
151887,CCDC80,coiled-coil domain containing 80
57678,GPAM,"glycerol-3-phosphate acyltransferase, mitochondrial"
335,APOA1,apolipoprotein A1
337,APOA4,apolipoprotein A4
151888,BTLA,B and T lymphocyte associated
57689,LRRC4C,leucine rich repeat containing 4C
347,APOD,apolipoprotein D
351,APP,amyloid beta precursor protein
8546,AP3B1,adaptor related protein complex 3 subunit beta 1
361,AQP4,aquaporin 4
53616,ADAM22,ADAM metallopeptidase domain 22
57717,PCDHB16,protocadherin beta 16
131450,CD200R1,CD200 receptor 1
8573,CASK,calcium/calmodulin dependent serine protein kinase
382,ARF6,ADP ribosylation factor 6
4478,MSN,moesin
383,ARG1,arginase 1
384,ARG2,arginase 2
8578,SCARF1,scavenger receptor class F member 1
387,RHOA,ras homolog family member A
388,RHOB,ras homolog family member B
8581,LY6D,lymphocyte antigen 6 family member D
390,RND3,Rho family GTPase 3
394,ARHGAP5,Rho GTPase activating protein 5
395,ARHGAP6,Rho GTPase activating protein 6
396,ARHGDIA,Rho GDP dissociation inhibitor alpha
397,ARHGDIB,Rho GDP dissociation inhibitor beta
398,ARHGDIG,Rho GDP dissociation inhibitor gamma
399,RHOH,ras homolog family member H
402,ARL2,ADP ribosylation factor like GTPase 2
8600,TNFSF11,TNF superfamily member 11
29091,STXBP6,syntaxin binding protein 6
421,ARVCF,ARVCF delta catenin family member
8613,PLPP3,phospholipid phosphatase 3
401827,MSLNL,mesothelin like
29108,PYCARD,PYD and CARD domain containing
8631,SKAP1,src kinase associated phosphoprotein 1
445,ASS1,argininosuccinate synthase 1
4542,MYO1F,myosin IF
8639,AOC3,amine oxidase copper containing 3
29119,CTNNA3,catenin alpha 3
8641,PCDHGB4,"protocadherin gamma subfamily B, 4"
8642,DCHS1,dachsous cadherin-related 1
8646,CHRD,chordin
29126,CD274,CD274 molecule
201163,FLCN,folliculin
8651,SOCS1,suppressor of cytokine signaling 1
460,ASTN1,astrotactin 1
152015,ROPN1B,rhophilin associated tail protein 1B
8654,PDE5A,phosphodiesterase 5A
463,ZFHX3,zinc finger homeobox 3
472,ATM,ATM serine/threonine kinase
57823,SLAMF7,SLAM family member 7
481,ATP1B1,ATPase Na+/K+ transporting subunit beta 1
482,ATP1B2,ATPase Na+/K+ transporting subunit beta 2
266727,MDGA1,MAM domain containing glycosylphosphatidylinositol anchor 1
57829,ZP4,zona pellucida glycoprotein 4
4582,MUC1,"mucin 1, cell surface associated"
488,ATP2A2,ATPase sarcoplasmic/endoplasmic reticulum Ca2+ transporting 2
4585,MUC4,"mucin 4, cell surface associated"
496,ATP4B,ATPase H+/K+ transporting subunit beta
506,ATP5F1B,ATP synthase F1 subunit beta
4602,MYB,"MYB proto-oncogene, transcription factor"
4604,MYBPC1,myosin binding protein C1
4606,MYBPC2,myosin binding protein C2
4607,MYBPC3,myosin binding protein C3
4608,MYBPH,myosin binding protein H
340485,ACER2,alkaline ceramidase 2
340481,ZDHHC21,zinc finger DHHC-type palmitoyltransferase 21
57863,CADM3,cell adhesion molecule 3
4617,MYF5,myogenic factor 5
4627,MYH9,myosin heavy chain 9
4628,MYH10,myosin heavy chain 10
8727,CTNNAL1,catenin alpha like 1
8728,ADAM19,ADAM metallopeptidase domain 19
8740,TNFSF14,TNF superfamily member 14
8744,TNFSF9,TNF superfamily member 9
8745,ADAM23,ADAM metallopeptidase domain 23
4651,MYO10,myosin X
4653,MYOC,myocilin
8749,ADAM18,ADAM metallopeptidase domain 18
558,AXL,AXL receptor tyrosine kinase
8751,ADAM15,ADAM metallopeptidase domain 15
340533,NEXMIF,neurite extension and migration factor
8754,ADAM9,ADAM metallopeptidase domain 9
563,AZGP1,"alpha-2-glycoprotein 1, zinc-binding"
4659,PPP1R12A,protein phosphatase 1 regulatory subunit 12A
566,AZU1,azurocidin 1
168507,PKD1L1,"polycystin 1 like 1, transient receptor potential channel interacting"
8763,CD164,CD164 molecule
572,BAD,BCL2 associated agonist of cell death
8764,TNFRSF14,TNF receptor superfamily member 14
575,ADGRB1,adhesion G protein-coupled receptor B1
8767,RIPK2,receptor interacting serine/threonine kinase 2
53827,FXYD5,FXYD domain containing ion transport regulator 5
8772,FADD,Fas associated via death domain
4680,CEACAM6,CEA cell adhesion molecule 6
53833,IL20RB,interleukin 20 receptor subunit beta
8777,MPDZ,multiple PDZ domain crumbs cell polarity complex component
8778,SIGLEC5,sialic acid binding Ig like lectin 5
53834,FGFRL1,fibroblast growth factor receptor like 1
4684,NCAM1,neural cell adhesion molecule 1
4685,NCAM2,neural cell adhesion molecule 2
201294,UNC13D,unc-13 homolog D
8784,TNFRSF18,TNF receptor superfamily member 18
53841,CDHR5,cadherin related family member 5
4690,NCK1,NCK adaptor protein 1
53842,CLDN22,claudin 22
596,BCL2,BCL2 apoptosis regulator
604,BCL6,BCL6 transcription repressor
613,BCR,BCR activator of RhoGEF and GTPase
283234,CCDC88B,coiled-coil domain containing 88B
8808,IL1RL2,interleukin 1 receptor like 2
160365,CLECL1,C-type lectin like 1
632,BGLAP,bone gamma-carboxyglutamate protein
634,CEACAM1,CEA cell adhesion molecule 1
8826,IQGAP1,IQ motif containing GTPase activating protein 1
8828,NRP2,neuropilin 2
8829,NRP1,neuropilin 1
640,BLK,"BLK proto-oncogene, Src family tyrosine kinase"
8832,CD84,CD84 molecule
641,BLM,BLM RecQ like helicase
4739,NEDD9,"neural precursor cell expressed, developmentally down-regulated 9"
8838,CCN6,cellular communication network factor 6
8839,CCN5,cellular communication network factor 5
8840,CCN4,cellular communication network factor 4
648,BMI1,"BMI1 proto-oncogene, polycomb ring finger"
650,BMP2,bone morphogenetic protein 2
652,BMP4,bone morphogenetic protein 4
653,BMP5,bone morphogenetic protein 5
654,BMP6,bone morphogenetic protein 6
655,BMP7,bone morphogenetic protein 7
8851,CDK5R1,cyclin dependent kinase 5 regulatory subunit 1
660,BMX,BMX non-receptor tyrosine kinase
4756,NEO1,neogenin 1
667,DST,dystonin
4763,NF1,neurofibromin 1
8861,LDB1,LIM domain binding 1
673,BRAF,"B-Raf proto-oncogene, serine/threonine kinase"
4771,NF2,neurofibromin 2
677,ZFP36L1,ZFP36 ring finger protein like 1
682,BSG,basigin (Ok blood group)
8874,ARHGEF7,Rho guanine nucleotide exchange factor 7
683,BST1,bone marrow stromal cell antigen 1
8876,VNN1,vanin 1
53942,CNTN5,contactin 5
696,BTN1A1,butyrophilin subfamily 1 member A1
102724770,LOC102724770,protein DGCR6
708,C1QBP,complement C1q binding protein
49860,CRNN,cornulin
49861,CLDN20,claudin 20
4811,NID1,nidogen 1
4814,NINJ1,ninjurin 1
8910,SGCE,sarcoglycan epsilon
4815,NINJ2,ninjurin 2
8915,BCL10,BCL10 immune signaling adaptor
4831,NME2,NME/NM23 nucleoside diphosphate kinase 2
4838,NODAL,nodal growth differentiation factor
144100,PLEKHA7,pleckstrin homology domain containing A7
340706,VWA2,von Willebrand factor A domain containing 2
221935,SDK1,sidekick cell adhesion molecule 1
8943,AP3D1,adaptor related protein complex 3 subunit delta 1
4851,NOTCH1,notch receptor 1
4855,NOTCH4,notch receptor 4
4856,CCN3,cellular communication network factor 3
4860,PNP,purine nucleoside phosphorylase
4867,NPHP1,nephrocystin 1
4868,NPHS1,"NPHS1 adhesion molecule, nephrin"
152330,CNTN4,contactin 4
780,DDR1,discoidin domain receptor tyrosine kinase 1
4887,NPY2R,neuropeptide Y receptor Y2
796,CALCA,calcitonin related polypeptide alpha
4897,NRCAM,neuronal cell adhesion molecule
8995,TNFSF18,TNF superfamily member 18
131873,COL6A6,collagen type VI alpha 6 chain
811,CALR,calreticulin
4907,NT5E,5'-nucleotidase ecto
823,CAPN1,calpain 1
4921,DDR2,discoidin domain receptor tyrosine kinase 2
836,CASP3,caspase 3
90952,ESAM,endothelial cell adhesion molecule
123720,WHAMM,"WASP homolog associated with actin, golgi membranes and microtubules"
9037,SEMA5A,semaphorin 5A
152404,IGSF11,immunoglobulin superfamily member 11
857,CAV1,caveolin 1
9051,PSTPIP1,proline-serine-threonine phosphatase interacting protein 1
861,RUNX1,RUNX family transcription factor 1
4958,OMD,osteomodulin
864,RUNX3,RUNX family transcription factor 3
865,CBFB,core-binding factor subunit beta
868,CBLB,Cbl proto-oncogene B
869,CBLN1,cerebellin 1 precursor
4973,OLR1,oxidized low density lipoprotein receptor 1
9069,CLDN12,claudin 12
4974,OMG,oligodendrocyte myelin glycoprotein
9071,CLDN10,claudin 10
9073,CLDN8,claudin 8
4978,OPCML,opioid binding protein/cell adhesion molecule like
9074,CLDN6,claudin 6
9075,CLDN2,claudin 2
9076,CLDN1,claudin 1
9080,CLDN9,claudin 9
9092,SART1,"spliceosome associated factor 1, recruiter of U4/U6.U5 tri-snRNP"
9093,DNAJA3,DnaJ heat shock protein family (Hsp40) member A3
9096,TBX18,T-box transcription factor 18
912,CD1D,CD1d molecule
914,CD2,CD2 molecule
5010,CLDN11,claudin 11
916,CD3E,CD3e molecule
920,CD4,CD4 molecule
201627,DENND6A,DENN domain containing 6A
100132463,CLDN24,claudin 24
921,CD5,CD5 molecule
923,CD6,CD6 molecule
928,CD9,CD9 molecule
201633,TIGIT,T cell immunoreceptor with Ig and ITIM domains
9124,PDLIM1,PDZ and LIM domain 1
933,CD22,CD22 molecule
5034,P4HB,prolyl 4-hydroxylase subunit beta
939,CD27,CD27 molecule
940,CD28,CD28 molecule
941,CD80,CD80 molecule
942,CD86,CD86 molecule
945,CD33,CD33 molecule
946,SIGLEC6,sialic acid binding Ig like lectin 6
947,CD34,CD34 molecule
948,CD36,CD36 molecule
953,ENTPD1,ectonucleoside triphosphate diphosphohydrolase 1
5054,SERPINE1,serpin family E member 1
959,CD40LG,CD40 ligand
960,CD44,CD44 molecule (Indian blood group)
961,CD47,CD47 molecule
5058,PAK1,p21 (RAC1) activated kinase 1
115650,TNFRSF13C,TNF receptor superfamily member 13C
963,CD53,CD53 molecule
965,CD58,CD58 molecule
5062,PAK2,p21 (RAC1) activated kinase 2
9158,FIBP,FGF1 intracellular binding protein
967,CD63,CD63 molecule
5063,PAK3,p21 (RAC1) activated kinase 3
970,CD70,CD70 molecule
971,CD72,CD72 molecule
5067,CNTN3,contactin 3
972,CD74,CD74 molecule
5068,REG3A,regenerating family member 3 alpha
975,CD81,CD81 molecule
976,ADGRE5,adhesion G protein-coupled receptor E5
977,CD151,CD151 molecule (Raph blood group)
5074,PAWR,pro-apoptotic WT1 regulator
998,CDC42,cell division cycle 42
999,CDH1,cadherin 1
1000,CDH2,cadherin 2
1001,CDH3,cadherin 3
5097,PCDH1,protocadherin 1
1002,CDH4,cadherin 4
5098,PCDHGC3,"protocadherin gamma subfamily C, 3"
1003,CDH5,cadherin 5
5099,PCDH7,protocadherin 7
1004,CDH6,cadherin 6
5100,PCDH8,protocadherin 8
1005,CDH7,cadherin 7
5101,PCDH9,protocadherin 9
1006,CDH8,cadherin 8
1007,CDH9,cadherin 9
1008,CDH10,cadherin 10
9200,HACD1,3-hydroxyacyl-CoA dehydratase 1
1009,CDH11,cadherin 11
5105,PCK1,phosphoenolpyruvate carboxykinase 1
1010,CDH12,cadherin 12
1012,CDH13,cadherin 13
1013,CDH15,cadherin 15
1014,CDH16,cadherin 16
1015,CDH17,cadherin 17
1016,CDH18,cadherin 18
1020,CDK5,cyclin dependent kinase 5
1021,CDK6,cyclin dependent kinase 6
1029,CDKN2A,cyclin dependent kinase inhibitor 2A
5125,PCSK5,proprotein convertase subtilisin/kexin type 5
9223,MAGI1,"membrane associated guanylate kinase, WW and PDZ domain containing 1"
5133,PDCD1,programmed cell death 1
9231,DLG5,discs large MAGUK scaffold protein 5
283659,PRTG,protogenin
1041,CDSN,corneodesmosin
394263,MUC21,"mucin 21, cell surface associated"
9235,IL32,interleukin 32
5140,PDE3B,phosphodiesterase 3B
91156,IGFN1,immunoglobulin like and fibronectin type III domain containing 1
1048,CEACAM5,CEA cell adhesion molecule 5
1051,CEBPB,CCAAT enhancer binding protein beta
1056,CEL,carboxyl ester lipase
136227,COL26A1,collagen type XXVI alpha 1 chain
574506,MIR503,microRNA 503
5155,PDGFB,platelet derived growth factor subunit B
5156,PDGFRA,platelet derived growth factor receptor alpha
91179,SCARF2,scavenger receptor class F member 2
5168,ENPP2,ectonucleotide pyrophosphatase/phosphodiesterase 2
1072,CFL1,cofilin 1
9265,CYTH3,cytohesin 3
5170,PDPK1,3-phosphoinositide dependent protein kinase 1
9266,CYTH2,cytohesin 2
9267,CYTH1,cytohesin 1
222256,CDHR3,cadherin related family member 3
9270,ITGB1BP1,integrin subunit beta 1 binding protein 1
5175,PECAM1,platelet and endothelial cell adhesion molecule 1
1088,CEACAM8,CEA cell adhesion molecule 8
29766,TMOD3,tropomodulin 3
9289,ADGRG1,adhesion G protein-coupled receptor G1
29780,PARVB,parvin beta
54361,WNT4,Wnt family member 4
9306,SOCS6,suppressor of cytokine signaling 6
5212,VIT,vitrin
9308,CD83,CD83 molecule
9314,KLF4,Kruppel like factor 4
390243,IZUMO1R,"IZUMO1 receptor, JUNO"
5239,PGM5,phosphoglucomutase 5
9341,VAMP3,vesicle associated membrane protein 3
58494,JAM2,junctional adhesion molecule 2
9344,TAOK2,TAO kinase 2
9353,SLIT2,slit guidance ligand 2
78986,DUSP26,dual specificity phosphatase 26
54413,NLGN3,neuroligin 3
9358,ITGBL1,integrin subunit beta like 1
58515,SELENOK,selenoprotein K
5270,SERPINE2,serpin family E member 2
78999,LRFN4,leucine rich repeat and fibronectin type III domain containing 4
5271,SERPINB8,serpin family B member 8
9369,NRXN3,neurexin 3
5274,SERPINI1,serpin family I member 1
9370,ADIPOQ,"adiponectin, C1Q and collagen domain containing"
29851,ICOS,inducible T cell costimulator
5276,SERPINI2,serpin family I member 2
9378,NRXN1,neurexin 1
9379,NRXN2,neurexin 2
1192,CLIC1,chloride intracellular channel 1
54440,SASH3,SAM and SH3 domain containing 3
5290,PIK3CA,"phosphatidylinositol-4,5-bisphosphate 3-kinase catalytic subunit alpha"
5291,PIK3CB,"phosphatidylinositol-4,5-bisphosphate 3-kinase catalytic subunit beta"
5294,PIK3CG,"phosphatidylinositol-4,5-bisphosphate 3-kinase catalytic subunit gamma"
5295,PIK3R1,phosphoinositide-3-kinase regulatory subunit 1
5296,PIK3R2,phosphoinositide-3-kinase regulatory subunit 2
54453,RIN2,Ras and Rab interactor 2
9402,GRAP2,GRB2 related adaptor protein 2
9404,LPXN,leupaxin
5310,PKD1,"polycystin 1, transient receptor potential channel interacting"
5314,PKHD1,PKHD1 ciliary IPT domain containing fibrocystin/polyductin
5317,PKP1,plakophilin 1
5318,PKP2,plakophilin 2
9414,TJP2,tight junction protein 2
1230,CCR1,C-C motif chemokine receptor 1
9423,NTN1,netrin 1
1232,CCR3,C-C motif chemokine receptor 3
5328,PLAU,"plasminogen activator, urokinase"
5329,PLAUR,"plasminogen activator, urokinase receptor"
1236,CCR7,C-C motif chemokine receptor 7
1237,CCR8,C-C motif chemokine receptor 8
5338,PLD2,phospholipase D2
5340,PLG,plasminogen
5341,PLEK,pleckstrin
5345,SERPINF2,serpin family F member 2
9448,MAP4K4,mitogen-activated protein kinase kinase kinase kinase 4
29930,PCDHB1,protocadherin beta 1
54510,PCDH18,protocadherin 18
5361,PLXNA1,plexin A1
1266,CNN3,calponin 3
5362,PLXNA2,plexin A2
5364,PLXNB1,plexin B1
5365,PLXNB3,plexin B3
54518,APBB1IP,amyloid beta precursor protein binding family B member 1 interacting protein
1272,CNTN1,contactin 1
554225,STRCP1,stereocilin pseudogene 1
9466,IL27RA,interleukin 27 receptor subunit alpha
5371,PML,PML nuclear body scaffold
1277,COL1A1,collagen type I alpha 1 chain
5376,PMP22,peripheral myelin protein 22
1281,COL3A1,collagen type III alpha 1 chain
9473,THEMIS2,thymocyte selection associated family member 2
9475,ROCK2,Rho associated coiled-coil containing protein kinase 2
1285,COL4A3,collagen type IV alpha 3 chain
1288,COL4A6,collagen type IV alpha 6 chain
9480,ONECUT2,one cut homeobox 2
1289,COL5A1,collagen type V alpha 1 chain
25865,PRKD2,protein kinase D2
54538,ROBO4,roundabout guidance receptor 4
1291,COL6A1,collagen type VI alpha 1 chain
1292,COL6A2,collagen type VI alpha 2 chain
1293,COL6A3,collagen type VI alpha 3 chain
1294,COL7A1,collagen type VII alpha 1 chain
9486,CHST10,carbohydrate sulfotransferase 10
54542,RC3H2,ring finger and CCCH-type domains 2
1295,COL8A1,collagen type VIII alpha 1 chain
1296,COL8A2,collagen type VIII alpha 2 chain
54549,SDK2,sidekick cell adhesion molecule 2
1303,COL12A1,collagen type XII alpha 1 chain
1305,COL13A1,collagen type XIII alpha 1 chain
1306,COL15A1,collagen type XV alpha 1 chain
1307,COL16A1,collagen type XVI alpha 1 chain
9499,MYOT,myotilin
1308,COL17A1,collagen type XVII alpha 1 chain
1310,COL19A1,collagen type XIX alpha 1 chain
1311,COMP,cartilage oligomeric matrix protein
29984,RHOD,ras homolog family member D
25890,ABI3BP,ABI family member 3 binding protein
5411,PNN,"pinin, desmosome associated protein"
54566,EPB41L4B,erythrocyte membrane protein band 4.1 like 4B
5420,PODXL,podocalyxin like
1326,MAP3K8,mitogen-activated protein kinase kinase kinase 8
120114,FAT3,FAT atypical cadherin 3
30008,EFEMP2,EGF containing fibulin extracellular matrix protein 2
50488,MINK1,misshapen like kinase 1
30009,TBX21,T-box transcription factor 21
9530,BAG4,BAG cochaperone 4
83259,PCDH11Y,protocadherin 11 Y-linked
54587,MXRA8,matrix remodeling associated 8
25930,PTPN23,protein tyrosine phosphatase non-receptor type 23
50509,COL5A3,collagen type V alpha 3 chain
50512,PODXL2,podocalyxin like 2
1364,CLDN4,claudin 4
1365,CLDN3,claudin 3
1366,CLDN7,claudin 7
140628,GATA5,GATA binding protein 5
5465,PPARA,peroxisome proliferator activated receptor alpha
25945,NECTIN3,nectin cell adhesion molecule 3
5467,PPARD,peroxisome proliferator activated receptor delta
9564,BCAR1,"BCAR1 scaffold protein, Cas family member"
54621,VSIG10,V-set and immunoglobulin domain containing 10
406887,MIRLET7E,microRNA let-7e
1378,CR1,complement C3b/C4b receptor 1 (Knops blood group)
5478,PPIA,peptidylprolyl isomerase A
9580,SOX13,SRY-box transcription factor 13
406890,MIRLET7G,microRNA let-7g
284021,MILR1,mast cell immunoglobulin like receptor 1
1398,CRK,"CRK proto-oncogene, adaptor protein"
1399,CRKL,"CRK like proto-oncogene, adaptor protein"
25975,EGFL6,EGF like domain multiple 6
406910,MIR125A,microRNA 125a
5499,PPP1CA,protein phosphatase 1 catalytic subunit alpha
9595,CYTIP,cytohesin 1 interacting protein
1404,HAPLN1,hyaluronan and proteoglycan link protein 1
5500,PPP1CB,protein phosphatase 1 catalytic subunit beta
54660,PCDHB18P,protocadherin beta 18 pseudogene
25992,SNED1,"sushi, nidogen and EGF like domains 1"
5515,PPP2CA,protein phosphatase 2 catalytic subunit alpha
5518,PPP2R1A,protein phosphatase 2 scaffold subunit Aalpha
406933,MIR141,microRNA 141
9620,CELSR1,cadherin EGF LAG seven-pass G-type receptor 1
406929,MIR138-1,microRNA 138-1
1432,MAPK14,mitogen-activated protein kinase 14
5530,PPP3CA,protein phosphatase 3 catalytic subunit alpha
1435,CSF1,colony stimulating factor 1
26011,TENM4,teneurin transmembrane protein 4
406938,MIR146A,microRNA 146a
140706,CCM2L,CCM2 like scaffold protein
1441,CSF3R,colony stimulating factor 3 receptor
9635,CLCA2,chloride channel accessory 2
1445,CSK,C-terminal Src kinase
9638,FEZ1,fasciculation and elongation protein zeta 1
26025,PCDHGA12,"protocadherin gamma subfamily A, 12"
406959,MIR183,microRNA 183
406957,MIR181C,microRNA 181c
9647,PPM1F,"protein phosphatase, Mg2+/Mn2+ dependent 1F"
26032,SUSD5,sushi domain containing 5
26033,ATRNL1,attractin like 1
406967,MIR192,microRNA 192
128434,VSTM2L,V-set and transmembrane domain containing 2 like
1462,VCAN,versican
1463,NCAN,neurocan
9655,SOCS5,suppressor of cytokine signaling 5
1465,CSRP1,cysteine and glycine rich protein 1
26047,CNTNAP2,contactin associated protein 2
50624,CUZD1,CUB and zona pellucida like domains 1
91584,PLXNA4,plexin A4
1475,CSTA,cystatin A
349633,PLET1,placenta expressed transcript 1
5573,PRKAR1A,protein kinase cAMP-dependent type I regulatory subunit alpha
9672,SDC3,syndecan 3
406991,MIR21,microRNA 21
5578,PRKCA,protein kinase C alpha
5580,PRKCD,protein kinase C delta
5581,PRKCE,protein kinase C epsilon
1490,CCN2,cellular communication network factor 2
5586,PKN2,protein kinase N2
5588,PRKCQ,protein kinase C theta
1493,CTLA4,cytotoxic T-lymphocyte associated protein 4
5590,PRKCZ,protein kinase C zeta
284114,TMEM102,transmembrane protein 102
1495,CTNNA1,catenin alpha 1
1496,CTNNA2,catenin alpha 2
5592,PRKG1,protein kinase cGMP-dependent 1
407006,MIR221,microRNA 221
407007,MIR222,microRNA 222
1499,CTNNB1,catenin beta 1
1500,CTNND1,catenin delta 1
1501,CTNND2,catenin delta 2
54749,EPDR1,ependymin related 1
5598,MAPK7,mitogen-activated protein kinase 7
54751,FBLIM1,filamin binding LIM protein 1
5604,MAP2K1,mitogen-activated protein kinase kinase 1
5607,MAP2K5,mitogen-activated protein kinase kinase 5
91624,NEXN,nexilin F-actin binding protein
9708,PCDHGA8,"protocadherin gamma subfamily A, 8"
407018,MIR27A,microRNA 27a
5613,PRKX,protein kinase X-linked
407019,MIR27B,microRNA 27b
407030,MIR30B,microRNA 30b
5618,PRLR,prolactin receptor
1524,CX3CR1,C-X3-C motif chemokine receptor 1
407026,MIR29C,microRNA 29c
1525,CXADR,CXADR Ig-like cell adhesion molecule
5621,PRNP,prion protein
9723,SEMA3E,semaphorin 3E
407035,MIR31,microRNA 31
407046,MIR9-1,microRNA 9-1
91653,BOC,"BOC cell adhesion associated, oncogene regulated"
1540,CYLD,CYLD lysine 63 deubiquitinase
1545,CYP1B1,cytochrome P450 family 1 subfamily B member 1
5645,PRSS2,serine protease 2
54798,DCHS2,dachsous cadherin-related 2
91663,MYADM,myeloid associated differentiation marker
407048,MIR92A1,microRNA 92a-1
5649,RELN,reelin
9746,CLSTN3,calsyntenin 3
9748,SLK,STE20 like kinase
9750,RIPOR2,RHO family interacting cell polarization regulator 2
9752,PCDHA9,protocadherin alpha 9
5663,PSEN1,presenilin 1
54822,TRPM7,transient receptor potential cation channel subfamily M member 7
284194,LGALS9B,galectin 9B
54825,CDHR2,cadherin related family member 2
54828,BCAS3,BCAS3 microtubule associated cell migration factor
9777,TM9SF4,transmembrane 9 superfamily member 4
149041,RC3H1,ring finger and CCCH-type domains 1
9780,PIEZO1,piezo type mechanosensitive ion channel component 1
26167,PCDHB5,protocadherin beta 5
79414,LRFN3,leucine rich repeat and fibronectin type III domain containing 3
9788,MTSS1,MTSS I-BAR domain containing 1
63036,CELA2A,chymotrypsin like elastase 2A
284217,LAMA1,laminin subunit alpha 1
1600,DAB1,DAB adaptor protein 1
1601,DAB2,DAB adaptor protein 2
1604,CD55,CD55 molecule (Cromer blood group)
1605,DAG1,dystroglycan 1
644672,CLDN25,claudin 25
1613,DAPK3,death associated protein kinase 3
9806,SPOCK2,"SPARC (osteonectin), cwcv and kazal like domains proteoglycan 2"
26191,PTPN22,protein tyrosine phosphatase non-receptor type 22
161357,MDGA2,MAM domain containing glycosylphosphatidylinositol anchor 2
140885,SIRPA,signal regulatory protein alpha
1627,DBN1,drebrin 1
5724,PTAFR,platelet activating factor receptor
431705,ASTL,astacin like metalloendopeptidase
5728,PTEN,phosphatase and tensin homolog
5733,PTGER3,prostaglandin E receptor 3
5734,PTGER4,prostaglandin E receptor 4
120425,JAML,junction adhesion molecule like
9840,TESPA1,"thymocyte expressed, positive selection associated 1"
5747,PTK2,protein tyrosine kinase 2
54900,LAX1,lymphocyte transmembrane adaptor 1
5754,PTK7,protein tyrosine kinase 7 (inactive)
9855,FARP2,"FERM, ARH/RhoGEF and pleckstrin domain protein 2"
5764,PTN,pleiotrophin
9863,MAGI2,"membrane associated guanylate kinase, WW and PDZ domain containing 2"
5771,PTPN2,protein tyrosine phosphatase non-receptor type 2
341640,FREM2,FRAS1 related extracellular matrix 2
5777,PTPN6,protein tyrosine phosphatase non-receptor type 6
5781,PTPN11,protein tyrosine phosphatase non-receptor type 11
83604,TMEM47,transmembrane protein 47
5786,PTPRA,protein tyrosine phosphatase receptor type A
5788,PTPRC,protein tyrosine phosphatase receptor type C
5789,PTPRD,protein tyrosine phosphatase receptor type D
5792,PTPRF,protein tyrosine phosphatase receptor type F
50848,F11R,F11 receptor
5793,PTPRG,protein tyrosine phosphatase receptor type G
386724,AMIGO3,adhesion molecule with Ig like domain 3
5795,PTPRJ,protein tyrosine phosphatase receptor type J
9891,NUAK1,NUAK family kinase 1
5796,PTPRK,protein tyrosine phosphatase receptor type K
26276,VPS33B,VPS33B late endosome and lysosome associated
5797,PTPRM,protein tyrosine phosphatase receptor type M
26279,PLA2G2D,phospholipase A2 group IID
5800,PTPRO,protein tyrosine phosphatase receptor type O
50856,CLEC4A,C-type lectin domain family 4 member A
5801,PTPRR,protein tyrosine phosphatase receptor type R
5802,PTPRS,protein tyrosine phosphatase receptor type S
5803,PTPRZ1,protein tyrosine phosphatase receptor type Z1
26285,CLDN17,claudin 17
50863,NTM,neurotrimin
284348,LYPD5,LY6/PLAUR domain containing 5
5817,PVR,PVR cell adhesion molecule
5818,NECTIN1,nectin cell adhesion molecule 1
5819,NECTIN2,nectin cell adhesion molecule 2
59067,IL21,interleukin 21
1725,DHPS,deoxyhypusine synthase
284359,IZUMO1,izumo sperm-egg fusion 1
5829,PXN,paxillin
9928,KIF14,kinesin family member 14
1739,DLG1,discs large MAGUK scaffold protein 1
1740,DLG2,discs large MAGUK scaffold protein 2
1741,DLG3,discs large MAGUK scaffold protein 3
83660,TLN2,talin 2
1742,DLG4,discs large MAGUK scaffold protein 4
54997,TESC,tescalcin
284369,SIGLECL1,SIGLEC family like 1
79576,NKAP,NFKB activating protein
161497,STRC,stereocilin
1756,DMD,dystrophin
1758,DMP1,dentin matrix acidic phosphoprotein 1
5861,RAB1A,"RAB1A, member RAS oncogene family"
83692,CD99L2,CD99 molecule like 2
149233,IL23R,interleukin 23 receptor
83700,JAM3,junctional adhesion molecule 3
5879,RAC1,Rac family small GTPase 1
5880,RAC2,Rac family small GTPase 2
1785,DNM2,dynamin 2
5881,RAC3,Rac family small GTPase 3
50937,CDON,"cell adhesion associated, oncogene regulated"
83706,FERMT3,FERM domain containing kindlin 3
255743,NPNT,nephronectin
50943,FOXP3,forkhead box P3
1793,DOCK1,dedicator of cytokinesis 1
5896,RAG1,recombination activating 1
79625,NDNF,neuron derived neurotrophic factor
9993,DGCR2,DiGeorge syndrome critical region gene 2
1803,DPP4,dipeptidyl peptidase 4
79626,TNFAIP8L2,TNF alpha induced protein 8 like 2
1805,DPT,dermatopontin
79633,FAT4,FAT atypical cadherin 4
5909,RAP1GAP,RAP1 GTPase activating protein
5912,RAP2B,"RAP2B, member of RAS oncogene family"
83737,ITCH,itchy E3 ubiquitin protein ligase
5914,RARA,retinoic acid receptor alpha
1823,DSC1,desmocollin 1
1824,DSC2,desmocollin 2
1825,DSC3,desmocollin 3
5921,RASA1,RAS p21 protein activator 1
1826,DSCAM,DS cell adhesion molecule
10018,BCL2L11,BCL2 like 11
10019,SH2B3,SH2B adaptor protein 3
1828,DSG1,desmoglein 1
10020,GNE,glucosamine (UDP-N-acetyl)-2-epimerase/N-acetylmannosamine kinase
1829,DSG2,desmoglein 2
1830,DSG3,desmoglein 3
1832,DSP,desmoplakin
10024,TROAP,trophinin associated protein
55083,KIF26B,kinesin family member 26B
1840,DTX1,deltex E3 ubiquitin ligase 1
1842,ECM2,extracellular matrix protein 2
1843,DUSP1,dual specificity phosphatase 1
1845,DUSP3,dual specificity phosphatase 3
79679,VTCN1,V-set domain containing T cell activation inhibitor 1
10049,DNAJB6,DnaJ heat shock protein family (Hsp40) member B6
1861,TOR1A,torsin family 1 member A
55109,AGGF1,angiogenic factor with G-patch and FHA domains 1
100049587,SIGLEC14,sialic acid binding Ig like lectin 14
5961,PRPH2,peripherin 2
5962,RDX,radixin
5970,RELA,"RELA proto-oncogene, NF-kB subunit"
5979,RET,ret proto-oncogene
10076,PTPRU,protein tyrosine phosphatase receptor type U
10077,TSPAN32,tetraspanin 32
10082,GPC6,glypican 6
51043,ZBTB7B,zinc finger and BTB domain containing 7B
10085,EDIL3,EGF like repeats and discoidin domains 3
1896,EDA,ectodysplasin A
1901,S1PR1,sphingosine-1-phosphate receptor 1
51057,WDPCP,WD repeat containing planar cell polarity effector
137075,CLDN23,claudin 23
10109,ARPC2,actin related protein 2/3 complex subunit 2
59277,NTN4,netrin 4
10125,RASGRP1,RAS guanyl releasing protein 1
26515,TIMM10B,translocase of inner mitochondrial membrane 10B
1942,EFNA1,ephrin A1
1946,EFNA5,ephrin A5
1947,EFNB1,ephrin B1
1948,EFNB2,ephrin B2
1949,EFNB3,ephrin B3
1951,CELSR3,cadherin EGF LAG seven-pass G-type receptor 3
1952,CELSR2,cadherin EGF LAG seven-pass G-type receptor 2
83872,HMCN1,hemicentin 1
1955,MEGF9,multiple EGF like domains 9
79778,MICALL2,MICAL like 2
1956,EGFR,epidermal growth factor receptor
10148,EBI3,Epstein-Barr virus induced 3
1960,EGR3,early growth response 3
10154,PLXNC1,plexin C1
1969,EPHA2,EPH receptor A2
10164,CHST4,carbohydrate sulfotransferase 4
255926,ADAM5,ADAM metallopeptidase domain 5 (pseudogene)
10174,SORBS3,sorbin and SH3 domain containing 3
10178,TENM1,teneurin transmembrane protein 1
1991,ELANE,"elastase, neutrophil expressed"
51144,HSD17B12,hydroxysteroid 17-beta dehydrogenase 12
124872,B4GALNT2,"beta-1,4-N-acetyl-galactosaminyltransferase 2"
6091,ROBO1,roundabout guidance receptor 1
55243,KIRREL1,kirre like nephrin family adhesion molecule 1
59339,PLEKHA2,pleckstrin homology domain containing A2
6092,ROBO2,roundabout guidance receptor 2
51148,CERCAM,cerebral endothelial cell adhesion molecule
6093,ROCK1,Rho associated coiled-coil containing protein kinase 1
59341,TRPV4,transient receptor potential cation channel subfamily V member 4
6094,ROM1,retinal outer segment membrane protein 1
26574,AATF,apoptosis antagonizing transcription factor
149461,CLDN19,claudin 19
26585,GREM1,"gremlin 1, DAN family BMP antagonist"
51162,EGFL7,EGF like domain multiple 7
79834,PEAK1,pseudopodium enriched atypical kinase 1
2013,EMP2,epithelial membrane protein 2
10205,MPZL2,myelin protein zero like 2
2015,ADGRE1,adhesion G protein-coupled receptor E1
2017,CTTN,cortactin
10211,FLOT1,flotillin 1
2022,ENG,endoglin
51176,LEF1,lymphoid enhancer binding factor 1
10225,CD96,CD96 molecule
2039,DMTN,dematin actin binding protein
10232,MSLN,mesothelin
2041,EPHA1,EPH receptor A1
2042,EPHA3,EPH receptor A3
2043,EPHA4,EPH receptor A4
2044,EPHA5,EPH receptor A5
2045,EPHA7,EPH receptor A7
2046,EPHA8,EPH receptor A8
2047,EPHB1,EPH receptor B1
2049,EPHB3,EPH receptor B3
51201,ZDHHC2,zinc finger DHHC-type palmitoyltransferase 2
79872,CBLL1,Cbl proto-oncogene like 1
2050,EPHB4,EPH receptor B4
2051,EPHB6,EPH receptor B6
2056,EPO,erythropoietin
51208,CLDN18,claudin 18
6159,RPL29,ribosomal protein L29
2064,ERBB2,erb-b2 receptor tyrosine kinase 2
2065,ERBB3,erb-b2 receptor tyrosine kinase 3
342035,GLDN,gliomedin
2077,ERF,ETS2 repressor factor
10272,FSTL3,follistatin like 3
55330,BLOC1S4,biogenesis of lysosomal organelles complex 1 subunit 4
10276,NET1,neuroepithelial cell transforming 1
55333,SYNJ2BP,synaptojanin 2 binding protein
10278,EFS,embryonal Fyn-associated substrate
6188,RPS3,ribosomal protein S3
10288,LILRB2,leukocyte immunoglobulin like receptor B2
92211,CDHR1,cadherin related family member 1
10296,MAEA,"macrophage erythroblast attacher, E3 ubiquitin ligase"
10298,PAK4,p21 (RAC1) activated kinase 4
79937,CNTNAP3,contactin associated protein family member 3
84033,OBSCN,"obscurin, cytoskeletal calmodulin and titin-interacting RhoGEF"
2113,ETS1,"ETS proto-oncogene 1, transcription factor"
84034,EMILIN2,elastin microfibril interfacer 2
10318,TNIP1,TNFAIP3 interacting protein 1
10319,LAMC3,laminin subunit gamma 3
256076,COL6A5,collagen type VI alpha 5 chain
10320,IKZF1,IKAROS family zinc finger 1
2131,EXT1,exostosin glycosyltransferase 1
10326,SIRPB1,signal regulatory protein beta 1
84059,ADGRV1,adhesion G protein-coupled receptor V1
10332,CLEC4M,C-type lectin domain family 4 member M
6237,RRAS,RAS related
51294,PCDH12,protocadherin 12
84063,KIRREL2,kirre like nephrin family adhesion molecule 2
6239,RREB1,ras responsive element binding protein 1
30817,ADGRE2,adhesion G protein-coupled receptor E2
6247,RS1,retinoschisin 1
79977,GRHL2,grainyhead like transcription factor 2
6251,RSU1,Ras suppressor protein 1
79987,SVEP1,"sushi, von Willebrand factor type A, EGF and pentraxin domain containing 1"
30835,CD209,CD209 molecule
55423,SIRPG,signal regulatory protein gamma
10370,CITED2,Cbp/p300 interacting transactivator with Glu/Asp rich carboxy-terminal domain 2
51330,TNFRSF12A,TNF receptor superfamily member 12A
80005,DOCK5,dedicator of cytokinesis 5
6279,S100A8,S100 calcium binding protein A8
6280,S100A9,S100 calcium binding protein A9
2185,PTK2B,protein tyrosine kinase 2 beta
6281,S100A10,S100 calcium binding protein A10
6282,S100A11,S100 calcium binding protein A11
55435,AP1AR,adaptor related protein complex 1 associated regulatory protein
2191,FAP,fibroblast activation protein alpha
2192,FBLN1,fibulin 1
6288,SAA1,serum amyloid A1
10385,BTN2A2,butyrophilin subfamily 2 member A2
2195,FAT1,FAT atypical cadherin 1
2196,FAT2,FAT atypical cadherin 2
2199,FBLN2,fibulin 2
10391,CORO2B,coronin 2B
2200,FBN1,fibrillin 1
10395,DLC1,DLC1 Rho GTPase activating protein
10398,MYL9,myosin light chain 9
2213,FCGR2B,Fc fragment of IgG receptor IIb
342184,FMN1,formin 1
145581,LRFN5,leucine rich repeat and fibronectin type III domain containing 5
10417,SPON2,spondin 2
10418,SPON1,spondin 1
653499,LGALS7B,galectin 7B
6324,SCN1B,sodium voltage-gated channel beta subunit 1
10420,TESK2,testis associated actin remodelling kinase 2
10428,CFDP1,craniofacial development protein 1
2239,GPC4,glypican 4
2241,FER,FER tyrosine kinase
2242,FES,"FES proto-oncogene, tyrosine kinase"
2243,FGA,fibrinogen alpha chain
2244,FGB,fibrinogen beta chain
84168,ANTXR1,ANTXR cell adhesion molecule 1
6347,CCL2,C-C motif chemokine ligand 2
10446,LRRN2,leucine rich repeat neuronal 2
6351,CCL4,C-C motif chemokine ligand 4
6352,CCL5,C-C motif chemokine ligand 5
10451,VAV3,vav guanine nucleotide exchange factor 3
6356,CCL11,C-C motif chemokine ligand 11
10457,GPNMB,glycoprotein nmb
2266,FGG,fibrinogen gamma chain
10458,BAIAP2,BAR/IMD domain containing adaptor protein 2
2267,FGL1,fibrinogen like 1
6363,CCL19,C-C motif chemokine ligand 19
10459,MAD2L2,mitotic arrest deficient 2 like 2
10461,MERTK,"MER proto-oncogene, tyrosine kinase"
6366,CCL21,C-C motif chemokine ligand 21
6370,CCL25,C-C motif chemokine ligand 25
6375,XCL1,X-C motif chemokine ligand 1
6376,CX3CL1,C-X3-C motif chemokine ligand 1
84206,MEX3B,mex-3 RNA binding family member B
6385,SDC4,syndecan 4
51441,YTHDF2,YTH N6-methyladenosine RNA binding protein 2
6387,CXCL12,C-X-C motif chemokine ligand 12
2294,FOXF1,forkhead box F1
375033,PEAR1,platelet endothelial aggregation receptor 1
2302,FOXJ1,forkhead box J1
2303,FOXC2,forkhead box C2
6401,SELE,selectin E
6402,SELL,selectin L
6403,SELP,selectin P
6404,SELPLG,selectin P ligand
55558,PLXNA3,plexin A3
80139,ZNF703,zinc finger protein 703
10507,SEMA4D,semaphorin 4D
22795,NID2,nidogen 2
2316,FLNA,filamin A
22798,LAMB4,laminin subunit beta 4
2319,FLOT2,flotillin 2
22801,ITGA11,integrin subunit alpha 11
10516,FBLN5,fibulin 5
80149,ZC3H12A,zinc finger CCCH-type containing 12A
375056,MIA3,MIA SH3 domain ER export factor 3
6422,SFRP1,secreted frizzled related protein 1
6423,SFRP2,secreted frizzled related protein 2
10519,CIB1,calcium and integrin binding 1
55576,STAB2,stabilin 2
2335,FN1,fibronectin 1
55591,VEZT,"vezatin, adherens junctions transmembrane protein"
133418,EMB,embigin
6441,SFTPD,surfactant protein D
2348,FOLR1,folate receptor alpha
80173,IFT74,intraflagellar transport 74
22829,NLGN4Y,neuroligin 4 Y-linked
2350,FOLR2,folate receptor beta
2352,FOLR3,folate receptor gamma
55604,CARMIL1,capping protein regulator and myosin 1 linker 1
2358,FPR2,formyl peptide receptor 2
10551,AGR2,"anterior gradient 2, protein disulphide isomerase family member"
55612,FERMT1,FERM domain containing kindlin 1
6461,SHB,SH2 domain containing adaptor protein B
6464,SHC1,SHC adaptor protein 1
10562,OLFM4,olfactomedin 4
10563,CXCL13,C-X-C motif chemokine ligand 13
6469,SHH,sonic hedgehog signaling molecule
22854,NTNG1,netrin G1
22859,ADGRL1,adhesion G protein-coupled receptor L1
22862,FNDC3A,fibronectin type III domain containing 3A
145741,C2CD4A,C2 calcium dependent domain containing 4A
6480,ST6GAL1,"ST6 beta-galactoside alpha-2,6-sialyltransferase 1"
22865,SLITRK3,SLIT and NTRK like family member 3
63827,BCAN,brevican
6484,ST3GAL4,"ST3 beta-galactoside alpha-2,3-sialyltransferase 4"
10580,SORBS1,sorbin and SH3 domain containing 1
22871,NLGN1,neuroligin 1
10584,COLEC10,collectin subfamily member 10
203102,ADAM32,ADAM metallopeptidase domain 32
6494,SIPA1,signal-induced proliferation-associated 1
22883,CLSTN1,calsyntenin 1
285025,CCDC141,coiled-coil domain containing 141
6504,SLAMF1,signaling lymphocytic activation molecule family member 1
51561,IL23A,interleukin 23 subunit alpha
22890,ZBTB1,zinc finger and BTB domain containing 1
10611,PDLIM5,PDZ and LIM domain 5
51571,CYRIB,CYFIP related Rac1 interactor B
26999,CYFIP2,cytoplasmic FMR1 interacting protein 2
6521,SLC4A1,solute carrier family 4 member 1 (Diego blood group)
55679,LIMS2,LIM zinc finger domain containing 2
22914,KLRK1,killer cell lectin like receptor K1
10627,MYL12A,myosin light chain 12A
22915,MMRN1,multimerin 1
10630,PDPN,podoplanin
22918,CD93,CD93 molecule
10631,POSTN,periostin
22920,KIFAP3,kinesin associated protein 3
27020,NPTN,neuroplastin
6541,SLC7A1,solute carrier family 7 member 1
55698,RADIL,Rap associating with DIL domain
6548,SLC9A1,solute carrier family 9 member A1
27032,ATP2C1,ATPase secretory pathway Ca2+ transporting 1
27036,SIGLEC7,sialic acid binding Ig like lectin 7
10653,SPINT2,"serine peptidase inhibitor, Kunitz type 2"
55714,TENM3,teneurin transmembrane protein 3
10666,CD226,CD226 molecule
63916,ELMO2,engulfment and cell motility 2
10669,CGREF1,cell growth regulator with EF-hand domain 1
10673,TNFSF13B,TNF superfamily member 13b
10675,CSPG5,chondroitin sulfate proteoglycan 5
63923,TNN,tenascin N
117178,SSX2IP,SSX family member 2 interacting protein
10686,CLDN16,claudin 16
55742,PARVA,parvin alpha
6591,SNAI2,snail family transcriptional repressor 2
10690,FUT9,fucosyltransferase 9
100133941,CD24,CD24 molecule
27076,LYPD3,LY6/PLAUR domain containing 3
145864,HAPLN3,hyaluronan and proteoglycan link protein 3
84433,CARD11,caspase recruitment domain family member 11
133584,EGFLAM,"EGF like, fibronectin type III and laminin G domains"
2515,ADAM2,ADAM metallopeptidase domain 2
22997,IGSF9B,immunoglobulin superfamily member 9B
6614,SIGLEC1,sialic acid binding Ig like lectin 1
22998,LIMCH1,LIM and calponin homology domains 1
2523,FUT1,fucosyltransferase 1 (H blood group)
2524,FUT2,fucosyltransferase 2
2525,FUT3,fucosyltransferase 3 (Lewis blood group)
2526,FUT4,fucosyltransferase 4
2529,FUT7,fucosyltransferase 7
10725,NFAT5,nuclear factor of activated T cells 5
2534,FYN,"FYN proto-oncogene, Src family tyrosine kinase"
23022,PALLD,"palladin, cytoskeletal associated protein"
84465,MEGF11,multiple EGF like domains 11
84466,MEGF10,multiple EGF like domains 10
80381,CD276,CD276 molecule
23037,PDZD2,PDZ domain containing 2
80380,PDCD1LG2,programmed cell death 1 ligand 2
27134,TJP3,tight junction protein 3
10752,CHL1,cell adhesion molecule L1 like
6657,SOX2,SRY-box transcription factor 2
6659,SOX4,SRY-box transcription factor 4
64005,MYO1G,myosin IG
6662,SOX9,SRY-box transcription factor 9
6666,SOX12,SRY-box transcription factor 12
55824,PAG1,phosphoprotein membrane anchor with glycosphingolipid microdomains 1
23060,ZNF609,zinc finger protein 609
6677,SPAM1,sperm adhesion molecule 1
6687,SPG7,"SPG7 matrix AAA peptidase subunit, paraplegin"
51744,CD244,CD244 molecule
23075,SWAP70,switching B cell complex subunit SWAP70
117285,DEFB118,defensin beta 118
6693,SPN,sialophorin
6695,SPOCK1,"SPARC (osteonectin), cwcv and kazal like domains proteoglycan 1"
6696,SPP1,secreted phosphoprotein 1
27177,IL36B,interleukin 36 beta
51754,TMEM8B,transmembrane protein 8B
27180,SIGLEC9,sialic acid binding Ig like lectin 9
27181,SIGLEC8,sialic acid binding Ig like lectin 8
84524,ZC3H8,zinc finger CCCH-type containing 8
27185,DISC1,DISC1 scaffold protein
6708,SPTA1,"spectrin alpha, erythrocytic 1"
2615,LRRC32,leucine rich repeat containing 32
10808,HSPH1,heat shock protein family H (Hsp110) member 1
6714,SRC,"SRC proto-oncogene, non-receptor tyrosine kinase"
2621,GAS6,growth arrest specific 6
2623,GATA1,GATA binding protein 1
2625,GATA3,GATA binding protein 3
64065,PERP,p53 apoptosis effector related to PMP22
6722,SRF,serum response factor
404037,HAPLN4,hyaluronan and proteoglycan link protein 4
150084,IGSF5,immunoglobulin superfamily member 5
64072,CDH23,cadherin related 23
2633,GBP1,guanylate binding protein 1
23114,NFASC,neurofascin
23122,CLASP2,cytoplasmic linker associated protein 2
64083,GOLPH3,golgi phosphoprotein 3
64084,CLSTN2,calsyntenin 2
23129,PLXND1,plexin D1
2650,GCNT1,glucosaminyl (N-acetyl) transferase 1
2651,GCNT2,glucosaminyl (N-acetyl) transferase 2 (I blood group)
55901,THSD1,thrombospondin type 1 domain containing 1
100528032,KLRC4-KLRK1,KLRC4-KLRK1 readthrough
64093,SMOC1,SPARC related modular calcium binding 1
64094,SMOC2,SPARC related modular calcium binding 2
64098,PARVG,parvin gamma
64101,LRRC4,leucine rich repeat containing 4
10855,HPSE,heparanase
23145,SSPOP,"SCO-spondin, pseudogene"
27242,TNFRSF21,TNF receptor superfamily member 21
55914,ERBIN,erbb2 interacting protein
10859,LILRB1,leukocyte immunoglobulin like receptor B1
55920,RCC2,regulator of chromosome condensation 2
64115,VSIR,V-set immunoregulatory receptor
64116,SLC39A8,solute carrier family 39 member 8
158326,FREM1,FRAS1 related extracellular matrix 1
27253,PCDH17,protocadherin 17
27255,CNTN6,contactin 6
6776,STAT5A,signal transducer and activator of transcription 5A
6777,STAT5B,signal transducer and activator of transcription 5B
2683,B4GALT1,"beta-1,4-galactosyltransferase 1"
10875,FGL2,fibrinogen like 2
23166,STAB1,stabilin 1
64127,NOD2,nucleotide binding oligomerization domain containing 2
23167,EFR3A,EFR3 homolog A
6789,STK4,serine/threonine kinase 4
23173,METAP1,methionyl aminopeptidase 1
6793,STK10,serine/threonine kinase 10
10890,RAB10,"RAB10, member RAS oncogene family"
10892,MALT1,MALT1 paracaspase
10893,MMP24,matrix metallopeptidase 24
10894,LYVE1,lymphatic vessel endothelial hyaluronan receptor 1
84623,KIRREL3,kirre like nephrin family adhesion molecule 3
27283,TINAG,tubulointerstitial nephritis antigen
23189,KANK1,KN motif and ankyrin repeat domains 1
84628,NTNG2,netrin G2
129684,CNTNAP5,contactin associated protein family member 5
27286,SRPX2,sushi repeat containing protein X-linked 2
84631,SLITRK2,SLIT and NTRK like family member 2
6809,STX3,syntaxin 3
27289,RND1,Rho family GTPase 1
6810,STX4,syntaxin 4
6812,STXBP1,syntaxin binding protein 1
6814,STXBP3,syntaxin binding protein 3
55966,AJAP1,adherens junctions associated protein 1
27299,ADAMDEC1,ADAM like decysin 1
55971,BAIAP2L1,BAR/IMD domain containing adaptor protein 2 like 1
27302,BMP10,bone morphogenetic protein 10
2736,GLI2,GLI family zinc finger 2
2737,GLI3,GLI family zinc finger 3
84665,MYPN,myopalladin
27328,PCDH11X,protocadherin 11 X-linked
27329,ANGPTL3,angiopoietin like 3
6850,SYK,spleen associated tyrosine kinase
23236,PLCB1,phospholipase C beta 1
170692,ADAMTS18,ADAM metallopeptidase with thrombospondin type 1 motif 18
23240,TMEM131L,transmembrane 131 like
23245,ASTN2,astrotactin 2
6868,ADAM17,ADAM metallopeptidase domain 17
84695,LOXL3,lysyl oxidase like 3
2778,GNAS,GNAS complex locus
64221,ROBO3,roundabout guidance receptor 3
10979,FERMT2,FERM domain containing kindlin 2
2796,GNRH1,gonadotropin releasing hormone 1
338667,VSIG10L2,V-set and immunoglobulin domain containing 10 like 2
137970,UNC5D,unc-5 netrin receptor D
6900,CNTN2,contactin 2
23284,ADGRL3,adhesion G protein-coupled receptor L3
6904,TBCD,tubulin folding cofactor D
2811,GP1BA,glycoprotein Ib platelet subunit alpha
2812,GP1BB,glycoprotein Ib platelet subunit beta
11005,SPINK5,serine peptidase inhibitor Kazal type 5
2814,GP5,glycoprotein V platelet
11006,LILRB4,leukocyte immunoglobulin like receptor B4
2815,GP9,glycoprotein IX platelet
146183,OTOA,otoancorin
2824,GPM6B,glycoprotein M6B
375567,VWC2,von Willebrand factor C domain containing 2
2828,GPR4,G protein-coupled receptor 4
23308,ICOSLG,inducible T cell costimulator ligand
129804,FBLN7,fibulin 7
2833,CXCR3,C-X-C motif chemokine receptor 3
146206,CARMIL2,capping protein regulator and myosin 1 linker 2
11037,STON1,stonin 1
56097,PCDHGC5,"protocadherin gamma subfamily C, 5"
56098,PCDHGC4,"protocadherin gamma subfamily C, 4"
56099,PCDHGB7,"protocadherin gamma subfamily B, 7"
23332,CLASP1,cytoplasmic linker associated protein 1
56100,PCDHGB6,"protocadherin gamma subfamily B, 6"
56101,PCDHGB5,"protocadherin gamma subfamily B, 5"
56102,PCDHGB3,"protocadherin gamma subfamily B, 3"
56103,PCDHGB2,"protocadherin gamma subfamily B, 2"
56104,PCDHGB1,"protocadherin gamma subfamily B, 1"
158506,CBLL2,Cbl proto-oncogene like 2
56105,PCDHGA11,"protocadherin gamma subfamily A, 11"
56106,PCDHGA10,"protocadherin gamma subfamily A, 10"
56107,PCDHGA9,"protocadherin gamma subfamily A, 9"
56108,PCDHGA7,"protocadherin gamma subfamily A, 7"
56109,PCDHGA6,"protocadherin gamma subfamily A, 6"
56110,PCDHGA5,"protocadherin gamma subfamily A, 5"
56111,PCDHGA4,"protocadherin gamma subfamily A, 4"
56112,PCDHGA3,"protocadherin gamma subfamily A, 3"
56113,PCDHGA2,"protocadherin gamma subfamily A, 2"
56114,PCDHGA1,"protocadherin gamma subfamily A, 1"
56121,PCDHB15,protocadherin beta 15
56122,PCDHB14,protocadherin beta 14
56123,PCDHB13,protocadherin beta 13
56124,PCDHB12,protocadherin beta 12
56125,PCDHB11,protocadherin beta 11
56126,PCDHB10,protocadherin beta 10
56127,PCDHB9,protocadherin beta 9
56128,PCDHB8,protocadherin beta 8
56129,PCDHB7,protocadherin beta 7
56130,PCDHB6,protocadherin beta 6
23363,OBSL1,obscurin like cytoskeletal adaptor 1
56131,PCDHB4,protocadherin beta 4
56132,PCDHB3,protocadherin beta 3
80709,AKNA,AT-hook transcription factor
2885,GRB2,growth factor receptor bound protein 2
56133,PCDHB2,protocadherin beta 2
11078,TRIOBP,TRIO and F-actin binding protein
56134,PCDHAC2,"protocadherin alpha subfamily C, 2"
84807,NFKBID,NFKB inhibitor delta
56135,PCDHAC1,"protocadherin alpha subfamily C, 1"
56136,PCDHA13,protocadherin alpha 13
2889,RAPGEF1,Rap guanine nucleotide exchange factor 1
56137,PCDHA12,protocadherin alpha 12
56138,PCDHA11,protocadherin alpha 11
56139,PCDHA10,protocadherin alpha 10
56140,PCDHA8,protocadherin alpha 8
64332,NFKBIZ,NFKB inhibitor zeta
56141,PCDHA7,protocadherin alpha 7
56142,PCDHA6,protocadherin alpha 6
117583,PARD3B,par-3 family cell polarity regulator beta
2895,GRID2,glutamate ionotropic receptor delta type subunit 2
56143,PCDHA5,protocadherin alpha 5
56144,PCDHA4,protocadherin alpha 4
56145,PCDHA3,protocadherin alpha 3
56146,PCDHA2,protocadherin alpha 2
56147,PCDHA1,protocadherin alpha 1
23380,SRGAP2,SLIT-ROBO Rho GTPase activating protein 2
80725,SRCIN1,SRC kinase signaling inhibitor 1
11093,ADAMTS13,ADAM metallopeptidase with thrombospondin type 1 motif 13
6997,TDGF1,teratocarcinoma-derived growth factor 1
23384,SPECC1L,sperm antigen with calponin homology and coiled-coil domains 1 like
7001,PRDX2,peroxiredoxin 2
7007,TECTA,tectorin alpha
84830,ADTRP,androgen dependent TFPI regulating protein
7010,TEK,TEK receptor tyrosine kinase
166752,FREM3,FRAS1 related extracellular matrix 3
23396,PIP5K1C,phosphatidylinositol-4-phosphate 5-kinase type 1 gamma
7016,TESK1,testis associated actin remodelling kinase 1
11117,EMILIN1,elastin microfibril interfacer 1
11122,PTPRT,protein tyrosine phosphatase receptor type T
2932,GSK3B,glycogen synthase kinase 3 beta
11124,FAF1,Fas associated factor 1
2934,GSN,gelsolin
7030,TFE3,transcription factor binding to IGHM enhancer 3
11126,CD160,CD160 molecule
100126351,MIR939,microRNA 939
23418,CRB1,crumbs cell polarity complex component 1
80762,NDFIP1,Nedd4 family interacting protein 1
7037,TFRC,transferrin receptor
23421,ITGB3BP,integrin subunit beta 3 binding protein
11135,CDC42EP1,CDC42 effector protein 1
7040,TGFB1,transforming growth factor beta 1
7041,TGFB1I1,transforming growth factor beta 1 induced transcript 1
7042,TGFB2,transforming growth factor beta 2
7045,TGFBI,transforming growth factor beta induced
11141,IL1RAPL1,interleukin 1 receptor accessory protein like 1
84868,HAVCR2,hepatitis A virus cellular receptor 2
7048,TGFBR2,transforming growth factor beta receptor 2
11146,GLMN,"glomulin, FKBP associated protein"
7052,TGM2,transglutaminase 2
11148,HHLA2,HERV-H LTR-associating 2
80781,COL18A1,collagen type XVIII alpha 1 chain
11149,BVES,blood vessel epicardial substance
11151,CORO1A,coronin 1A
7057,THBS1,thrombospondin 1
7058,THBS2,thrombospondin 2
7059,THBS3,thrombospondin 3
64403,CDH24,cadherin 24
7060,THBS4,thrombospondin 4
64405,CDH22,cadherin 22
7070,THY1,Thy-1 cell surface antigen
7074,TIAM1,TIAM Rac1 associated GEF 1
11170,FAM107A,family with sequence similarity 107 member A
285613,RELL2,RELT like 2
7082,TJP1,tight junction protein 1
7087,ICAM5,intercellular adhesion molecule 5
11187,PKP3,plakophilin 3
56244,BTNL2,butyrophilin like 2
7094,TLN1,talin 1
338879,RNASE10,ribonuclease A family member 10 (inactive)
56253,CRTAM,cytotoxic and regulatory T cell molecule
84929,FIBCD1,fibrinogen C domain containing 1
23499,MACF1,microtubule actin crosslinking factor 1
3026,HABP2,hyaluronan binding protein 2
7122,CLDN5,claudin 5
7124,TNF,tumor necrosis factor
11221,DUSP10,dual specificity phosphatase 10
7128,TNFAIP3,TNF alpha induced protein 3
23513,SCRIB,scribble planar cell polarity protein
7130,TNFAIP6,TNF alpha induced protein 6
3036,HAS1,hyaluronan synthase 1
3037,HAS2,hyaluronan synthase 2
84959,UBASH3B,ubiquitin associated and SH3 domain containing B
56288,PARD3,par-3 family cell polarity regulator
3043,HBB,hemoglobin subunit beta
84962,AJUBA,ajuba LIM protein
7143,TNR,tenascin R
84966,IGSF21,immunoglobin superfamily member 21
7148,TNXB,tenascin XB
3055,HCK,"HCK proto-oncogene, Src family tyrosine kinase"
84978,FRMD5,FERM domain containing 5
7162,TPBG,trophoblast glycoprotein
3071,NCKAP1L,NCK associated protein 1 like
7168,TPM1,tropomyosin 1
654346,LGALS9C,galectin 9C
3075,CFH,complement factor H
3077,HFE,homeostatic iron regulator
23560,GTPBP4,GTP binding protein 4
23562,CLDN14,claudin 14
7180,CRISP2,cysteine rich secretory protein 2
285704,RGMB,repulsive guidance molecule BMP co-receptor b
56339,METTL3,"methyltransferase 3, N6-adenosine-methyltransferase complex catalytic subunit"
7189,TRAF6,TNF receptor associated factor 6
60437,CDH26,cadherin 26
388125,C2CD4B,C2 calcium dependent domain containing 4B
3105,HLA-A,"major histocompatibility complex, class I, A"
3108,HLA-DMA,"major histocompatibility complex, class II, DM alpha"
3109,HLA-DMB,"major histocompatibility complex, class II, DM beta"
7205,TRIP6,thyroid hormone receptor interactor 6
3113,HLA-DPA1,"major histocompatibility complex, class II, DP alpha 1"
3115,HLA-DPB1,"major histocompatibility complex, class II, DP beta 1"
3117,HLA-DQA1,"major histocompatibility complex, class II, DQ alpha 1"
7216,TRO,trophinin
199731,CADM4,cell adhesion molecule 4
3122,HLA-DRA,"major histocompatibility complex, class II, DR alpha"
11314,CD300A,CD300a molecule
3123,HLA-DRB1,"major histocompatibility complex, class II, DR beta 1"
23603,CORO1C,coronin 1C
3125,HLA-DRB3,"major histocompatibility complex, class II, DR beta 3"
23607,CD2AP,CD2 associated protein
3133,HLA-E,"major histocompatibility complex, class I, E"
11326,VSIG4,V-set and immunoglobulin domain containing 4
3135,HLA-G,"major histocompatibility complex, class I, G"
60484,HAPLN2,hyaluronan and proteoglycan link protein 2
3142,HLX,H2.0 like homeobox
3146,HMGB1,high mobility group box 1
7248,TSC1,TSC complex subunit 1
7249,TSC2,TSC complex subunit 2
64600,PLA2G2F,phospholipase A2 group IIF
7264,GFUS,GDP-L-fucose synthase
3169,FOXA1,forkhead box A1
3170,FOXA2,forkhead box A2
23650,TRIM29,tripartite motif containing 29
23654,PLXNB2,plexin B2
3175,ONECUT1,one cut homeobox 1
23657,SLC7A11,solute carrier family 7 member 11
23671,TMEFF2,transmembrane protein with EGF like and two follistatin like domains 2
7292,TNFSF4,TNF superfamily member 4
441478,NRARP,NOTCH regulated ankyrin repeat protein
3204,HOXA7,homeobox A7
7301,TYRO3,TYRO3 protein tyrosine kinase
220296,HEPACAM,hepatic and glial cell adhesion molecule
23705,CADM1,cell adhesion molecule 1
56477,CCL28,C-C motif chemokine ligand 28
3232,HOXD3,homeobox D3
171169,SPACA4,sperm acrosome associated 4
257194,NEGR1,neuronal growth regulator 1
7356,SCGB1A1,secretoglobin family 1A member 1
3273,HRG,histidine rich glycoprotein
7369,UMOD,uromodulin
7373,COL14A1,collagen type XIV alpha 1 chain
3280,HES1,hes family bHLH transcription factor 1
60626,RIC8A,RIC8 guanine nucleotide exchange factor A
100288814,CLDN34,claudin 34
23767,FLRT3,fibronectin leucine rich transmembrane protein 3
23768,FLRT2,fibronectin leucine rich transmembrane protein 2
23769,FLRT1,fibronectin leucine rich transmembrane protein 1
7399,USH2A,usherin
7402,UTRN,utrophin
7409,VAV1,vav guanine nucleotide exchange factor 1
3315,HSPB1,heat shock protein family B (small) member 1
199920,FYB2,FYN binding protein 2
7412,VCAM1,vascular cell adhesion molecule 1
7414,VCL,vinculin
3320,HSP90AA1,heat shock protein 90 alpha family class A member 1
7422,VEGFA,vascular endothelial growth factor A
7424,VEGFC,vascular endothelial growth factor C
3329,HSPD1,heat shock protein family D (Hsp60) member 1
7430,EZR,ezrin
64778,FNDC3B,fibronectin type III domain containing 3B
7448,VTN,vitronectin
7450,VWF,von Willebrand factor
7455,ZAN,zonadhesin
64805,P2RY12,purinergic receptor P2Y12
3371,TNC,tenascin C
3373,HYAL1,hyaluronidase 1
7471,WNT1,Wnt family member 1
7474,WNT5A,Wnt family member 5A
126259,TMIGD2,transmembrane and immunoglobulin domain containing 2
3381,IBSP,integrin binding sialoprotein
7477,WNT7B,Wnt family member 7B
3383,ICAM1,intercellular adhesion molecule 1
3384,ICAM2,intercellular adhesion molecule 2
3385,ICAM3,intercellular adhesion molecule 3
3386,ICAM4,intercellular adhesion molecule 4 (Landsteiner-Wiener blood group)
400709,SIGLEC16,sialic acid binding Ig like lectin 16
3397,ID1,"inhibitor of DNA binding 1, HLH protein"
7494,XBP1,X-box binding protein 1
7499,XG,Xg glycoprotein (Xg blood group)
64844,MARCHF7,membrane associated ring-CH-type finger 7
56672,AKIP1,A-kinase interacting protein 1
7525,YES1,"YES proto-oncogene 1, Src family tyrosine kinase"
7535,ZAP70,zeta chain of T cell receptor associated protein kinase 70
3440,IFNA2,interferon alpha 2
64881,PCDH20,protocadherin 20
100128908,LMLN2,leishmanolysin like peptidase 2
3456,IFNB1,interferon beta 1
3458,IFNG,interferon gamma
122258,SPACA7,sperm acrosome associated 7
3479,IGF1,insulin like growth factor 1
3481,IGF2,insulin like growth factor 2
3483,IGFALS,insulin like growth factor binding protein acid labile subunit
3485,IGFBP2,insulin like growth factor binding protein 2
64926,RASAL3,RAS protein activator like 3
146850,PIK3R6,phosphoinositide-3-kinase regulatory subunit 6
3490,IGFBP7,insulin like growth factor binding protein 7
3491,CCN1,cellular communication network factor 1
339390,CLEC4G,C-type lectin domain family 4 member G
3516,RBPJ,recombination signal binding protein for immunoglobulin kappa J region
85445,CNTNAP4,contactin associated protein family member 4
114132,SIGLEC11,sialic acid binding Ig like lectin 11
3549,IHH,Indian hedgehog signaling molecule
3552,IL1A,interleukin 1 alpha
3553,IL1B,interleukin 1 beta
3556,IL1RAP,interleukin 1 receptor accessory protein
3557,IL1RN,interleukin 1 receptor antagonist
3558,IL2,interleukin 2
3559,IL2RA,interleukin 2 receptor subunit alpha
3561,IL2RG,interleukin 2 receptor subunit gamma
388585,HES5,hes family bHLH transcription factor 5
3565,IL4,interleukin 4
3566,IL4R,interleukin 4 receptor
3569,IL6,interleukin 6
3572,IL6ST,interleukin 6 cytokine family signal transducer
3574,IL7,interleukin 7
3575,IL7R,interleukin 7 receptor
3576,CXCL8,C-X-C motif chemokine ligand 8
286204,CRB2,crumbs cell polarity complex component 2
3586,IL10,interleukin 10
3592,IL12A,interleukin 12A
3593,IL12B,interleukin 12B
3594,IL12RB1,interleukin 12 receptor subunit beta 1
728577,CNTNAP3B,contactin associated protein family member 3B
441864,TARM1,"T cell-interacting, activating receptor on myeloid cells 1"
3600,IL15,interleukin 15
3606,IL18,interleukin 18
7704,ZBTB16,zinc finger and BTB domain containing 16
3611,ILK,integrin linked kinase
3620,IDO1,"indoleamine 2,3-dioxygenase 1"
3636,INPPL1,inositol polyphosphate phosphatase like 1
3654,IRAK1,interleukin 1 receptor associated kinase 1
3655,ITGA6,integrin subunit alpha 6
3659,IRF1,interferon regulatory factor 1
24146,CLDN15,claudin 15
3671,ISLR,immunoglobulin superfamily containing leucine rich repeat
3672,ITGA1,integrin subunit alpha 1
3673,ITGA2,integrin subunit alpha 2
3674,ITGA2B,integrin subunit alpha 2b
3675,ITGA3,integrin subunit alpha 3
3676,ITGA4,integrin subunit alpha 4
3678,ITGA5,integrin subunit alpha 5
3679,ITGA7,integrin subunit alpha 7
388698,FLG2,filaggrin family member 2
3680,ITGA9,integrin subunit alpha 9
3681,ITGAD,integrin subunit alpha D
3682,ITGAE,integrin subunit alpha E
3683,ITGAL,integrin subunit alpha L
3684,ITGAM,integrin subunit alpha M
3685,ITGAV,integrin subunit alpha V
65125,WNK1,WNK lysine deficient protein kinase 1
261734,NPHP4,nephrocystin 4
3687,ITGAX,integrin subunit alpha X
3688,ITGB1,integrin subunit beta 1
7784,ZP3,zona pellucida glycoprotein 3
3689,ITGB2,integrin subunit beta 2
3690,ITGB3,integrin subunit beta 3
3691,ITGB4,integrin subunit beta 4
56940,DUSP22,dual specificity phosphatase 22
3693,ITGB5,integrin subunit beta 5
3694,ITGB6,integrin subunit beta 6
3695,ITGB7,integrin subunit beta 7
7791,ZYX,zyxin
3696,ITGB8,integrin subunit beta 8
253559,CADM2,cell adhesion molecule 2
3707,ITPKB,inositol-trisphosphate 3-kinase B
7805,LAPTM5,lysosomal protein transmembrane 5
3714,JAG2,jagged canonical Notch ligand 2
3716,JAK1,Janus kinase 1
3717,JAK2,Janus kinase 2
3718,JAK3,Janus kinase 3
3728,JUP,junction plakoglobin
3730,ANOS1,anosmin 1
28316,CDH20,cadherin 20
56999,ADAMTS9,ADAM metallopeptidase with thrombospondin type 1 motif 9
196264,MPZL3,myelin protein zero like 3
7852,CXCR4,C-X-C motif chemokine receptor 4
57007,ACKR3,atypical chemokine receptor 3
89780,WNT3A,Wnt family member 3A
89782,LMLN,leishmanolysin like peptidase
89790,SIGLEC10,sialic acid binding Ig like lectin 10
65217,PCDH15,protocadherin related 15
81607,NECTIN4,nectin cell adhesion molecule 4
3791,KDR,kinase insert domain receptor
57045,TWSG1,twisted gastrulation BMP signaling modulator 1
3801,KIFC3,kinesin family member C3
3815,KIT,"KIT proto-oncogene, receptor tyrosine kinase"
3827,KNG1,kininogen 1
401138,AMTN,amelotin
347902,AMIGO2,adhesion molecule with Ig like domain 2
57091,CASS4,Cas scaffold protein family member 4
89858,SIGLEC12,sialic acid binding Ig like lectin 12
81671,VMP1,vacuole membrane protein 1
253725,WASHC2C,WASH complex subunit 2C
3875,KRT18,keratin 18
57126,CD177,CD177 molecule
81704,DOCK8,dedicator of cytokinesis 8
57142,RTN4,reticulon 4
3897,L1CAM,L1 cell adhesion molecule
3902,LAG3,lymphocyte activating 3
57152,SLURP1,secreted LY6/PLAUR domain containing 1
3908,LAMA2,laminin subunit alpha 2
3909,LAMA3,laminin subunit alpha 3
3910,LAMA4,laminin subunit alpha 4
3911,LAMA5,laminin subunit alpha 5
3912,LAMB1,laminin subunit beta 1
94025,MUC16,"mucin 16, cell surface associated"
3913,LAMB2,laminin subunit beta 2
3914,LAMB3,laminin subunit beta 3
57162,PELI1,pellino E3 ubiquitin protein ligase 1
3915,LAMC1,laminin subunit gamma 1
8013,NR4A3,nuclear receptor subfamily 4 group A member 3
3918,LAMC2,laminin subunit gamma 2
94030,LRRC4B,leucine rich repeat containing 4B
3921,RPSA,ribosomal protein SA
57178,ZMIZ1,zinc finger MIZ-type containing 1
3932,LCK,"LCK proto-oncogene, Src family tyrosine kinase"
28513,CDH19,cadherin 19
28514,DLL1,delta like canonical Notch ligand 1
8038,ADAM12,ADAM metallopeptidase domain 12
3952,LEP,leptin
3956,LGALS1,galectin 1
114548,NLRP3,NLR family pyrin domain containing 3
3958,LGALS3,galectin 3
3959,LGALS3BP,galectin 3 binding protein
3960,LGALS4,galectin 4
3963,LGALS7,galectin 7
3964,LGALS8,galectin 8
3965,LGALS9,galectin 9
81792,ADAMTS12,ADAM metallopeptidase with thrombospondin type 1 motif 12
3976,LIF,LIF interleukin 6 family cytokine
8082,SSPN,sarcospan
3987,LIMS1,LIM zinc finger domain containing 1
4008,LMO7,LIM domain 7
4017,LOXL2,lysyl oxidase like 2
81848,SPRY4,sprouty RTK signaling antagonist 4
4026,LPP,LIM domain containing preferred translocation partner in lipoma
4035,LRP1,LDL receptor related protein 1
4040,LRP6,LDL receptor related protein 6
4045,LSAMP,limbic system associated membrane protein
147409,DSG4,desmoglein 4
4059,BCAM,basal cell adhesion molecule (Lutheran blood group)
4063,LY9,lymphocyte antigen 9
4067,LYN,"LYN proto-oncogene, Src family tyrosine kinase"
4070,TACSTD2,tumor associated calcium signal transducer 2
4072,EPCAM,epithelial cell adhesion molecule
8174,MADCAM1,mucosal vascular addressin cell adhesion molecule 1
90102,PHLDB2,pleckstrin homology like domain family B member 2
4088,SMAD3,SMAD family member 3
4091,SMAD6,SMAD family member 6
389118,CDHR4,cadherin related family member 4
4092,SMAD7,SMAD family member 7
8189,SYMPK,symplekin
